,address,decimal
0,0xc2132d05d31c914a87c6611c10748aeb04b58e8f,6
1,0x3BA4c387f786bFEE076A58914F5Bd38d668B42c3,18
2,0x2791bca1f2de4661ed88a30c99a7a9449aa84174,6
3,0xdab529f40e671a1d4bf91361c21bf9f0c9712ab7,18
4,0x0000000000000000000000000000000000001010,18
5,0x6f8a06447ff6fcf75d803135a7de15ce88c1d4ec,18
6,0x1bfd67037b42cf73acf2047067bd4f2c47d9bfd6,8
7,0x8f3cf7ad23cd3cadbd9735aff958023239c6a063,18
8,0xb33eaad8d922b1083446dc23f610c2567fb5180f,18
9,0x06d02e9d62a13fc76bb229373fb3bbbd1101d2fc,18
10,0x2C89bbc92BD86F8075d1DEcc58C7F4E0107f286b,18
11,0x53e0bca35ec356bd5dddfebbd1fc0fd03fabad39,18
12,0xb0897686c545045afc77cf20ec7a532e3120e0f1,18
13,0x2e1ad108ff1d8c782fcbbb89aad783ac49586756,18
14,0xc3c7d422809852031b44ab29eec9f1eff2a58756,18
15,0xada58df0f643d959c2a47c9d4d4c1a4defe3f11c,8
16,0x6f7C932e7684666C9fd1d44527765433e01fF61d,18
17,0x0266F4F08D82372CF0FcbCCc0Ff74309089c74d1,18
18,0x5fe2b58c013d7601147dcdd68c143a77499f5531,18
19,0xd6df932a45c0f255f85145f286ea0b292b21c90b,18
20,0x45c32fa6df82ead1e2ef74d17b76547eddfaff89,18
21,0xffa4d863c96e743a2e1513824ea006b8d0353c57,18
22,0xBbba073C31bF03b8ACf7c28EF0738DeCF3695683,18
23,0x50b728d8d964fd00c2d0aad81718b71311fef68a,18
24,0xb46e0ae620efd98516f49bb00263317096c114b2,18
25,0x4e8dc2149eac3f3def36b1c281ea466338249371,18
26,0xB7b31a6BC18e48888545CE79e83E06003bE70930,18
27,0xa1c57f48f0deb89f569dfbe6e2b7f46d33606fd4,18
28,0xc9c1c1c20b3658f8787cc2fd702267791f224ce1,18
29,0x61299774020da444af134c82fa83e3810b309991,18
30,0x7205705771547cf79201111b4bd8aaf29467b9ec,18
31,0x6f3b3286fd86d8b47ec737ceb3d0d354cc657b3e,18
32,0x553d3d295e0f695b9228246232edf400ed3560b5,18
33,0xf1938ce12400f9a761084e7a80d37e732a4da056,18
34,0x172370d5cd63279efa6d502dab29171933a610af,18
35,0x1a3acf6d19267e2d3e7f898f42803e90c9219062,18
36,0xee327f889d5947c1dc1934bb208a1e792f953e96,18
37,0xfad65eb62a97ff5ed91b23afd039956aaca6e93b,18
38,0xc8a94a3d3d2dabc3c1caffffdca6a7543c3e3e65,2
39,0x41b3966b4ff7b427969ddf5da3627d6aeae9a48e,18
40,0x6d1fdbb266fcc09a16a22016369210a15bb95761,18
41,0x1b815d120b3ef02039ee11dc2d33de7aa4a8c603,18
42,0x8505b9d2254a7ae468c0e9dd10ccea3a837aef5c,18
43,0xcb059c5573646047d6d88dddb87b745c18161d3b,18
44,0x5ffd62d3c3ee2e81c00a7b9079fb248e7df024a8,18
45,0x3cef98bb43d732e2f285ee605a8158cde967d219,18
46,0x6abb753c1893194de4a83c6e8b4eadfc105fd5f5,18
47,0x9c2c5fd7b07e95ee044ddeba0e97a665f142394f,18
48,0x7ec26842f195c852fa843bb9f6d8b583a274a157,18
49,0x84e1670f61347cdaed56dcc736fb990fbb47ddc1,18
50,0x2b9e7ccdf0f4e5b24757c1e1a80e311e34cb10c7,18
51,0x190eb8a183d22a4bdf278c6791b152228857c033,8
52,0x7583feddbcefa813dc18259940f76a02710a8905,18
53,0x101a023270368c0d50bffb62780f4afd4ea79c35,18
54,0x0c51f415cf478f8d08c246a6c6ee180c5dc3a012,18
55,0x3962f4a0a0051dcce0be73a7e09cef5756736712,18
56,0x282d8efce846a88b159800bd4130ad77443fa1a1,18
57,0xda537104d6a5edd53c6fbba9a898708e465260b6,18
58,0x0b220b82f3ea3b7f6d9a1d8ab58930c064a2b5bf,18
59,0x9a71012b13ca4d3d0cdc72a177df3ef03b0e76a3,18
60,0x67ce67ec4fcd4aca0fcb738dd080b2a21ff69d75,8
61,0x6e4e624106cb12e168e6533f8ec7c82263358940,6
62,0xe111178a87a3bff0c8d18decba5798827539ae99,2
63,0xf6372cdb9c1d3674e83842e3800f2a62ac9f3c66,18
64,0xa8b1e0764f85f53dfe21760e8afe5446d82606ac,18
65,0xE5417Af564e4bFDA1c483642db72007871397896,18
66,0x0ef39e52704ad52e2882bbfa6781167e1b6c4510,18
67,0x0621d647cecbfb64b79e44302c1933cb4f27054d,18
68,0x692597b009d13c4049a947cab2239b7d6517875f,18
69,0x0b3f868e0be5597d5db7feb59e1cadbb0fdda50a,18
70,0x2f6f07cdcf3588944bf4c42ac74ff24bf56e7590,18
71,0x43e4b063f96c33f0433863a927f5bad34bb4b03d,18
72,0x3066818837c5e6ed6601bd5a91b0762877a6b731,18
73,0x1c954e8fe737f99f68fa1ccda3e51ebdb291948c,18
74,0xf8f9efc0db77d8881500bb06ff5d6abc3070e695,18
75,0xf0059cc2b3e980065a906940fbce5f9db7ae40a7,18
76,0x430EF9263E76DAE63c84292C3409D61c598E9682,18
77,0xdf7837de1f2fa4631d716cf2502f8b230f1dcc32,2
78,0xbe662058e00849c3eef2ac9664f37fefdf2cdbfe,9
79,0x77a6f2e9a9e44fd5d5c3f9be9e52831fc1c3c0a0,18
80,0x77f56cf9365955486b12c4816992388ee8606f0e,18
81,0xb9638272ad6998708de56bbc0a290a1de534a578,18
82,0xe0339c80ffde91f3e20494df88d4206d86024cdf,18
83,0x614389eaae0a6821dc49062d56bda3d9d45fa2ff,18
84,0x07cc1cc3628cc1615120df781ef9fc8ec2feae09,18
85,0x0aab8dc887d34f00d50e19aee48371a941390d14,6
86,0x62414d03084eeb269e18c970a21f45d2967f0170,18
87,0x73580a2416a57f1c4b6391dba688a9e4f7dbece0,18
88,0xc26d47d5c33ac71ac5cf9f776d63ba292a4f7842,18
89,0xc4e82ba0fe6763cbe5e9cbca0ba7cbd6f91c6018,18
90,0xfa68fb4628dff1028cfec22b4162fccd0d45efb6,18
91,0xdb95f9188479575f3f718a245eca1b3bf74567ec,18
92,0x840195888db4d6a99ed9f73fcd3b225bb3cb1a79,18
93,0xb25e20de2f2ebb4cffd4d16a55c7b395e8a94762,18
94,0x42f37a1296b2981f7c3caced84c5096b2eb0c72c,18
95,0xB0B195aEFA3650A6908f15CdaC7D92F8a5791B0B,18
96,0xd85d1e945766fea5eda9103f918bd915fbca63e6,4
97,0xDC3326e71D45186F113a2F448984CA0e8D201995,6
98,0x76b8D57e5ac6afAc5D415a054453d1DD2c3C0094,18
99,0x40379a439d4f6795b6fc9aa5687db461677a2dba,9
100,0x40379a439d4f6795b6fc9aa5687db461677a2dba,9
101,0xd2507e7b5794179380673870d88b22f94da6abe0,18
102,0x98f8669f6481ebb341b522fcd3663f79a3d1a6a7,18
103,0xa4B2B20b2C73c7046ED19AC6bfF5E5285c58F20a,18
104,0x385eeac5cb85a38a9a07a70c73e0a3271cfb54a7,18
105,0xf81b4bec6ca8f9fe7be01ca734f55b2b6e03a7a0,18
106,0x91ca694d2b293f70fe722fba7d8a5259188959c3,18
107,0x054c42b6414747f5263b4a86f21b1afad00326bf,8
108,0xa63beffd33ab3a2efd92a39a7d2361cee14ceba8,18
109,0x1509706a6c66ca549ff0cb464de88231ddbe213b,18
110,0xe8a51d0dd1b4525189dda2187f90ddf0932b5482,18
111,0x438b28c5aa5f00a817b7def7ce2fb3d5d1970974,18
112,0xCf66EB3D546F0415b368d98A95EAF56DeD7aA752,18
113,0x9880e3dda13c8e7d4804691a45160102d31f6060,18
114,0x16eccfdbb4ee1a85a33f3a9b21175cd7ae753db4,18
115,0xf4310adb83694bc4808e0c5ca8f7027c6127921d,18
116,0x311434160d7537be358930def317afb606c0d737,18
117,0xf2ae0038696774d65e67892c9d301c5f2cbbda58,18
118,0x598e49f01befeb1753737934a5b11fea9119c796,11
119,0x15b7c0c907e4C6b9AdaAaabC300C08991D6CEA05,18
120,0x7dc0cb65ec6019330a6841e9c274f2ee57a6ca6c,18
121,0x236eec6359fb44cce8f97e99387aa7f8cd5cde1f,6
122,0x4e36d8006416ea1d939a0eeae73afdaca86bd376,6
123,0xa3fa99a148fa48d14ed51d610c367c61876997f1,18
124,0x0df0f72ee0e5c9b7ca761ecec42754992b2da5bf,18
125,0x71b821aa52a49f32eed535fca6eb5aa130085978,8
126,0xe6e320b7bb22018d6ca1f4d8cea1365ef5d25ced,18
127,0x5ecba59dacc1adc5bdea35f38a732823fc3de977,18
128,0xe3322702bedaaed36cddab233360b939775ae5f1,18
129,0xfbdd194376de19a88118e84e279b977f165d01b8,18
130,0xbbbe128568222623d21299f019a978c8587b33dc,18
131,0xB5C064F955D8e7F38fE0460C556a72987494eE17,18
132,0x1d734a02ef1e1f5886e66b0673b71af5b53ffa94,18
133,0xf50d05a1402d0adafa880d36050736f9f6ee7dee,18
134,0xaecebfcf604ad245eaf0d5bd68459c3a7a6399c2,18
135,0xD2cDcB6BdEE6f78DE7988a6A60d13F6eF0b576D9,8
136,0x692c44990e4f408ba0917f5c78a83160c1557237,18
137,0xb35fcbcf1fd489fce02ee146599e893fdcdc60e6,18
138,0x361a5a4993493ce00f61c32d4ecca5512b82ce90,18
139,0xdda7b23d2d72746663e7939743f929a3d85fc975,18
140,0xef938b6da8576a896f6e0321ef80996f4890f9c4,18
141,0x779b299ea455d35a44fe9bac48648be22c08dea2,18
142,0xe0b52e49357fd4daf2c15e02058dce6bc0057db4,18
143,0x3a9A81d576d83FF21f26f325066054540720fC34,18
144,0x6ccbf3627b2c83afef05bf2f035e7f7b210fe30d,18
145,0x54cfe73f2c7d0c4b62ab869b473f5512dc0944d2,18
146,0x55b1a124c04a54eefdefe5fa2ef5f852fb5f2f26,18
147,0xe06bd4f5aac8d0aa337d13ec88db6defc6eaeefe,18
148,0xc1543024dc71247888a7e139c644f44e75e96d38,18
149,0x5559edb74751a0ede9dea4dc23aee72cca6be3d5,18
150,0xd0258a3fd00f38aa8090dfee343f10a9d4d30d3f,18
151,0x08c15fa26e519a78a666d19ce5c646d55047e0a3,18
152,0xfa1171334cb3a0f0a91e8ca6765f10e9638d1cbf,18
153,0xad93e067e149f0a5ecd12d8ea83b05581dd6374c,18
154,0x9377eeb7419486fd4d485671d50baa4bf77c2222,18
155,0x65a05db8322701724c197af82c9cae41195b0aa8,18
156,0x4e78011ce80ee02d2c3e649fb657e45898257815,9
157,0xc3ec80343d2bae2f8e680fdadde7c17e71e114ea,18
158,0x111111517e4929d3dcbdfa7cce55d30d4b6bc4d6,18
159,0xdb725f82818de83e99f1dac22a9b5b51d3d04dd4,18
160,0x6bf2eb299e51fc5df30dec81d9445dde70e3f185,6
161,0xa3ed22eee92a3872709823a6970069e12a4540eb,18
162,0xe26cda27c13f4f87cffc2f437c5900b27ebb5bbb,8
163,0x2f800db0fdb5223b3c3f354886d907a671414a7f,18
164,0x9eecd634c7a934f752af0eb90dda9ecc262f199f,18
165,0x1631244689ec1fecbdd22fb5916e920dfc9b8d30,18
166,0xe2341718c6c0cbfa8e6686102dd8fbf4047a9e9b,18
167,0xc6480da81151b2277761024599e8db2ad4c388c8,18
168,0x2088c47fc0c78356c622f79dba4cbe1ccfa84a91,8
169,0xdf00c50a3dae240860f57b77508203b8d9593283,18
170,0x4e1581f01046efdd7a1a2cdb0f82cdd7f71f2e59,18
171,0x9b3b0703d392321ad24338ff1f846650437a43c9,18
172,0x780053837ce2ceead2a90d9151aa21fc89ed49c2,18
173,0x7cef6ed1e07079e174601d39066ad0856cb47988,18
174,0xa486c6bc102f409180ccb8a94ba045d39f8fc7cb,8
175,0x2d1c6a7362e75d88b4cf3b66b83052775846e2b8,18
176,0x7fbc10850cae055b27039af31bd258430e714c62,8
177,0x62f594339830b90ae4c084ae7d223ffafd9658a7,18
178,0xE261D618a959aFfFd53168Cd07D12E37B26761db,18
179,0xaa32a9e74486dd136ccedf17061fe4efc95a621e,0
180,0x313d009888329c9d1cf4f75ca3f32566335bd604,18
181,0xfdc26cda2d2440d0e83cd1dee8e8be48405806dc,18
182,0x91E7E32C710661C44ae44D10Aa86135d91C3Ed65,6
183,0xBBCA42c60b5290F2c48871A596492F93fF0Ddc82,18
184,0xdbf31df14b66535af65aac99c32e9ea844e14501,8
185,0xde5ed76e7c05ec5e4572cfc88d1acea165109e44,18
186,0x58001cc1a9e17a20935079ab40b1b8f4fc19efd1,18
187,0xab5f7a0e20b0d056aed4aa4528c78da45be7308b,18
188,0xe20b9e246db5a0d21bf9209e4858bc9a3ff7a034,18
189,0xc17c30e98541188614df99239cabd40280810ca3,18
190,0x00e5646f60ac6fb446f621d146b6e1886f002905,18
191,0xee9a352f6aac4af1a5b9f467f6a93e0ffbe9dd35,18
192,0xdab625853c2b35d0a9c6bd8e5a097a664ef4ccfb,18
193,0x9A06Db14D639796B25A6ceC6A1bf614fd98815EC,18
194,0x8e26032650a389bf9cf16c17c4cd605742f1ef8d,18
195,0xc27158bb8e08899d38765752f91d7d778e16ab8e,18
196,0xf1c1a3c2481a3a8a3f173a9ab5ade275292a6fa3,18
197,0x1379e8886a944d2d9d440b3d88df536aea08d9f3,18
198,0x5d47baba0d66083c52009271faf3f50dcc01023c,18
199,0xbc2659ead8d2d13a157a75bfc5acc156e1ea06df,18
200,0xd99bafe5031cc8b345cb2e8c80135991f12d7130,18
201,0xa0e390e9cea0d0e8cd40048ced9fa9ea10d71639,18
202,0xe0bCEEF36F3a6eFDd5EEBFACD591423f8549B9D5,18
203,0x235737dbb56e8517391473f7c964db31fa6ef280,18
204,0x31042a4e66eda0d12143ffc8cc1552d611da4cba,18
205,0x0C9c7712C83B3C70e7c5E11100D33D9401BdF9dd,18
206,0x8c92e38eca8210f4fcbf17f0951b198dd7668292,18
207,0x58c1bbb508e96cfec1787acf6afe1c7008a5b064,9
208,0x23fe1ee2f536427b7e8ac02fb037a7f867037fe8,18
209,0xaA3717090CDDc9B227e49d0D84A28aC0a996e6Ff,18
210,0x2fe8733dcb25bfbba79292294347415417510067,18
211,0xdef1fac7bf08f173d286bbbdcbeeade695129840,18
212,0xc5102fE9359FD9a28f877a67E36B0F050d81a3CC,18
213,0x596ebe76e2db4470966ea395b0d063ac6197a8c5,18
214,0xc168e40227e4ebd8c1cae80f7a55a4f0e6d66c97,18
215,0x638df98ad8069a15569da5a6b01181804c47e34c,18
216,0x03cf5d93ca7c70ce0a21a09f4d70779d2c66b25a,18
217,0xf30355ba14b2d3b31597ec71a4542f57e902cb80,18
218,0xeAEf6cAf6d5894EDB2D4EA7ec11eC4AB655f1cBF,18
219,0x7d8c139d5bfbafdfd1d2d0284e7fc862babe4137,18
220,0x6a335ac6a3cdf444967fe03e7b6b273c86043990,8
221,0xdb7cb471dd0b49b29cab4a1c14d070f27216a0ab,18
222,0x6968105460f67c3bf751be7c15f92f5286fd0ce5,18
223,0x8a0e8b4b0903929f47C3ea30973940D4a9702067,18
224,0x6f934b45fc6043527d73c7c99313dd838e723db7,18
225,0x8a953cfe442c5e8855cc6c61b1293fa648bae472,18
226,0xec4fe610b4107c95b56decc885089c06f85a63cb,18
227,0x4bf6daa0f3b2f8b338836b29f17b9e7ff0e68b53,6
228,0xb87904db461005fc716a6bf9f2d451c33b10b80b,18
229,0x4867b60ad7c6adc98653f661f1aea31740986ba5,6
230,0x0e7252706393470FfB0629DA2CAa39Fc9340F2d4,18
231,0x8f006d1e1d9dc6c98996f50a4c810f17a47fbf19,18
232,0x33B6d77c607ea499ab5DB7e2201C5A516a78a5db,18
233,0x874e178a2f3f3f9d34db862453cd756e7eab0381,18
234,0x0d6ae2a429df13e44a07cd2969e085e4833f64a0,18
235,0x09c5a4bca808bd1ba2b8e6b3aaf7442046b4ca5b,18
236,0xbe5cf150e1ff59ca7f2499eaa13bfc40aae70e78,18
237,0x7c28f627ea3aec8b882b51eb1935f66e5b875714,18
238,0xc155504787e9430180f33f35edd7c5ec06cd5761,18
239,0x50d0799ba241e10a6e9bace2936129f117cb32af,18
240,0x7f67639ffc8c93dd558d452b8920b28815638c44,18
241,0xc91c06db0f7bffba61e2a5645cc15686f0a8c828,18
242,0xc6c855ad634dcdad23e64da71ba85b8c51e5ad7c,18
243,0x733726968ae55dc58c26dbdc193fea256a704ba4,9
244,0xcf32822ff397ef82425153a9dcb726e5ff61dca7,18
245,0x534f39c5f4df9cb13e16b24ca07c7c8c0e2eadb7,18
246,0x3a4bed49ab592a227bae8f41efd0d38e6e06d96c,18
247,0x580a84c73811e1839f75d86d75d88cca0c241ff4,18
248,0x66e16d50c07a01bb473ec794349d45aa1a0e5dc2,18
249,0x6396252377F54ad33cFF9131708Da075b21d9B88,9
250,0x1ba17c639bdaecd8dc4aac37df062d17ee43a1b8,18
251,0xa94880d3a4b39746e90cdb57f8de3732c984de14,8
252,0x820802fa8a99901f52e39acd21177b0be6ee2974,6
253,0xf501dd45a1198c2e1b5aef5314a68b9006d842e0,18
254,0x521cddc0cba84f14c69c1e99249f781aa73ee0bc,18
255,0x25788a1a171ec66da6502f9975a15b609ff54cf6,18
256,0x26c80854c36ff62bba7414a358c8c23bbb8dec39,18
257,0x9e7deba360c77949bb75d16dc81b2393c15005eb,18
258,0x3d1d2afd191b165d140e3e8329e634665ffb0e5e,18
259,0x0e98c977b943f06075b2d795794238fbfb9b9a34,18
260,0xeb5c9e515629b725d3588a55e2a43964dcfde8ca,18
261,0xedd6ca8a4202d4a36611e2fff109648c4863ae19,18
262,0xc5b57e9a1e7914fda753a88f24e5703e617ee50c,18
263,0x5e430f88d1be82eb3ef92b6ff06125168fd5dcf2,18
264,0x57fcbd6503c8be3b1abad191bc7799ef414a5b31,18
265,0x428360b02c1269bc1c79fbc399ad31d58c1e8fda,18
266,0x613a489785c95afeb3b404cc41565ccff107b6e0,18
267,0x08b0a0aaa047f94ad93cbe2ce5da4f3c21254898,18
268,0x968a8e095100f54a91cc9dae23b487616e2aeab3,18
269,0x23e8b6a3f6891254988b84da3738d2bfe5e703b9,18
270,0xc4df120d75604307dcb604fde2ad3b8a8b7c6faa,18
271,0x980111ae1b84e50222c8843e3a7a038f36fecd2b,18
272,0xf78610d0a197842bf98ca45254897edd13c5d182,18
273,0xf0f9d895aca5c8678f706fb8216fa22957685a13,18
274,0xee9801669c6138e84bd50deb500827b776777d28,18
275,0xc004e2318722ea2b15499d6375905d75ee5390b8,8
276,0xb140665dde25c644c6b418e417c930de8a8a6ac9,0
277,0x3c205C8B3e02421Da82064646788c82f7bd753B9,18
278,0xfb40b1efe90d4b786d2d9d9dc799b18bde92923b,18
279,0x8ba941b64901e306667a287a370f145d98811096,18
280,0xeeeeeb57642040be42185f49c52f7e9b38f8eeee,18
281,0x97c415d4c8ea982aaabcbb65506d37fa6631c351,18
282,0x268F78793F20B11615eD5C4e076B288826E299ce,8
283,0x2bc07124d8dac638e290f401046ad584546bc47b,18
284,0x723b17718289a91af252d616de2c77944962d122,18
285,0xB41EC2c036f8a42DA384DDE6ADA79884F8b84b26,18
286,0x0e0ffc562d72316b783e887bbaae1fd794adb530,18
287,0x6911f552842236bd9e8ea8ddbb3fb414e2c5fa9d,18
288,0xc3cffdaf8f3fdf07da6d5e3a89b8723d5e385ff8,18
289,0xe84cea9df2d6a6010c0bd74b803f6372534e75e9,18
290,0xaee24d5296444c007a532696aada9de5ce6cafd0,18
291,0x6ddb31002abc64e1479fc439692f7ea061e78165,18
292,0x44d09156c7b4acf0c64459fbcced7613f5519918,18
293,0x16b3e050e9e2f0ac4f1bea1b3e4fdc43d7f062dd,9
294,0xf6f85b3f9fd581c2ee717c404f7684486f057f95,18
295,0xcc081220542a60a8ea7963c4f53d522b503272c1,18
296,0xed28b1890fbb4aa9ded528c1034fed278ff68f5d,18
297,0x4e0da40b9063dc48364c1c0ffb4ae9d091fc2270,18
298,0x5de4005155933c0e1612ce808f12b4cd8daabc82,18
299,0x4e830f67ec499e69930867f9017aeb5b3f629c73,18
300,0xfafa220145dfa5c3ec85b6fa8a75aee2451cde5e,18
301,0xe52509181feb30eb4979e29ec70d50fd5c44d590,18
302,0xc10358f062663448a3489fc258139944534592ac,18
303,0x65DfA90171e1bd9060209405026C4E1f4A8E58df,18
304,0x04429fbb948bbd09327763214b45e505a5293346,18
305,0xAC63686230f64BDEAF086Fe6764085453ab3023F,9
306,0xd52f6ca48882be8fbaa98ce390db18e1dbe1062d,18
307,0xc75ea0c71023c14952f3c7b9101ecbbaa14aa27a,18
308,0x5f0197ba06860dac7e31258bdf749f92b6a636d4,18
309,0xfce22ad802bbc9fe74534575b166d06198bd66ea,12
310,0x346404079b3792a6c548B072B9C4DDdFb92948d5,18
311,0xf480f38c366daac4305dc484b2ad7a496ff00cea,18
312,0x18e73A5333984549484348A94f4D219f4faB7b81,8
313,0x411be1e071675df40fe1c08ca760bb7aa707cedf,18
314,0x189586b5f6317538ae50c20a976597da38984a24,18
315,0x22a31bD4cB694433B6de19e0aCC2899E553e9481,18
316,0x4287F07CBE6954f9F0DecD91d0705C926d8d03A4,18
317,0x1a763170b96f23f15576d0fa0b2619d1254c437d,18
318,0x990f860968714c2d16e91ec0cd9709a94264cf64,18
319,0xd07a7fac2857901e4bec0d89bbdae764723aab86,18
320,0x978338a9d2d0aa2ff388d3dc98b9bf25bff5efb4,18
321,0xFA78cBa4ebbf8fE28B4fC1468948F16Fda2752b3,18
322,0xC250e9987A032ACAC293d838726C511E6E1C029d,9
323,0xd3b71117e6c1558c1553305b44988cd944e97300,18
324,0xd7ecf95cf7ef5256990beaf4ac895cd9e64cb947,18
325,0x5095cc6511b70e287bc525aa57afbc60eb73ac47,18
326,0x48e3883233461c2ef4cb3fcf419d6db07fb86cea,8
327,0x314338767151e6ed23db8a41c6f6943c1958ee56,18
328,0x5df1a47e05b4caba0ed3df13662642f05314764d,18
329,0xaf24765f631c8830b5528b57002241ee7eef1c14,6
330,0x106035dedca635d75d6ff05f98f25916829edb77,2
331,0x672255e73e9fcb8d8971b6e2622057baa84b5afe,18
332,0x6a5305754b1905024e1ddefda560dd766c71d945,18
333,0x695fc8b80f344411f34bdbcb4e621aa69ada384b,18
334,0x22308317a4aa9e8196065e0b3647e582d44c4d7b,18
335,0x1599fe55cda767b1f631ee7d414b41f5d6de393d,18
336,0xF9cea445c2Ac1668f50CAa2c2924F93606a4a37d,18
337,0x503836c8c3a453c57f58cc99b070f2e78ec14fc0,18
338,0x3c1bb39bb696b443a1d80bb2b3a3d950ba9dee87,18
339,0x3ad707da309f3845cd602059901e39c4dcd66473,18
340,0x4e92f6f10496f3fcb790cc6969cc15b87c8f9199,18
341,0xa7305ae84519ff8be02484cda45834c4e7d13dd6,18
342,0x08be454de533509e8832b257116c5506e55b0b64,18
343,0xc4bb7277a74678f053259cb1f96140347efbfd46,18
344,0xe8377a076adabb3f9838afb77bee96eac101ffb1,18
345,0xad684e79ce4b6d464f2ff7c3fd51646892e24b96,4
346,0x66f31345cb9477b427a1036d43f923a557c432a4,18
347,0xcbab27b2d5b468eea509bd430100922341bc3f1a,18
348,0xe7f960685aba7327ada3b161ea252703c87be0bf,8
349,0xde799636af0d8d65a17aaa83b66cbbe9b185eb01,18
350,0x77D97db5615dFE8a2D16b38EAa3f8f34524a0a74,18
351,0xfed16c746cb5bfed009730f9e3e6a673006105c7,0
352,0xd6a5ab46ead26f49b03bbb1f9eb1ad5c1767974a,18
353,0xF9a4BBAa7fA1DD2352F1A47d6d3fcfF259A6D05F,18
354,0xaa5eD3C460C38eB71fba089B853d0a91C0e71DD5,18
355,0x130ce4e4f76c2265f94a961d70618562de0bb8d2,18
356,0x6c997a37f5a1dca62b58eeb01041f056942966b3,18
357,0x6fb54ffe60386ac33b722be13d2549dd87bf63af,18
358,0xccbe9b810d6574701d324fd6dbe0a1b68f9d5bf7,18
359,0x5E0294Af1732498C77F8dB015a2d52a76298542B,18
360,0x4fdce518fe527439fe76883e6b51a1c522b61b7c,18
361,0xef205f99bd869e74b16050199d54327a0ecd343d,18
362,0x4ee438be38f8682abb089f2bfea48851c5e71eaf,18
363,0x32515ffdc3a84cfbf9ad4db14ef8f0a535c7afd6,18
364,0xd1a5f2a049343fc4d5f8d478f734eba51b22375e,18
365,0xcde5e3d90631cacb842fa86f62dd0fc08a3ce43d,18
366,0xf89250e83fa2f33058385c98c7c44e723b040359,18
367,0x42e5e06ef5b90fe15f853f59299fc96259209c5c,18
368,0x44a6e0be76e1d9620a7f76588e4509fe4fa8e8c8,18
369,0xb5106a3277718ecad2f20ab6b86ce0fee7a21f09,18
370,0xa8fcee762642f156b5d757b6fabc36e06b6d4a1a,18
371,0xefee2de82343be622dcb4e545f75a3b9f50c272d,18
372,0xe64106154816a252da7728e35a0060f15d66cb34,8
373,0x794baab6b878467f93ef17e2f2851ce04e3e34c8,18
374,0x6a3e7c3c6ef65ee26975b12293ca1aad7e1daed2,18
375,0x403e967b044d4be25170310157cb1a4bf10bdd0f,18
376,0x262b8aa7542004f023b0eb02bc6b96350a02b728,18
377,0x4ba47b10ea8f544f8969ba61df3e5be67692a122,18
378,0x9b71b5511998e0798625b8fa74e86d8192de78c1,18
379,0x127984b5e6d5c59f81dacc9f1c8b3bdc8494572e,18
380,0xce829a89d4a55a63418bcc43f00145adef0edb8e,8
381,0x7f280daC515121DcdA3EaC69eB4C13a52392CACE,18
382,0x873801ae2ff12d816db9a7b082f5796bec64c82c,18
383,0x0f40d69ff494a9e74b1f20a89eff299b2a05918f,18
384,0x576c990a8a3e7217122e9973b2230a3be9678e94,18
385,0x855d4248672a1fce482165e8dbe1207b94b1968a,18
386,0x0000000000004946c0e9f43f4dee607b0ef1fa1c,0
387,0x10635bf5c17f5e4c0ed9012aef7c12f96a57a4dd,18
388,0x60bb3d364b765c497c8ce50ae0ae3f0882c5bd05,18
389,0xaeE433ADeBe0FBB88dAa47eF0C1A513CaA52EF02,18
390,0xede1b77c0ccc45bfa949636757cd2ca7ef30137f,18
391,0x8f18dc399594b451eda8c5da02d0563c0b2d0f16,9
392,0x554f074d9ccda8f483d1812d4874cbebd682644e,18
393,0x4c4bf319237d98a30a929a96112effa8da3510eb,18
394,0x46d502fac9aea7c5bc7b13c8ec9d02378c33d36f,18
395,0x068180071617528606371c31892ecbf2b70ac1d2,18
396,0x2e220744f9ac1bf3045b0588d339f5fd3bb8623a,18
397,0x103308793661879166464cd0d0370ac3b8a2a1cb,8
398,0xeab9cfb094db203e6035c2e7268a86debed5bd14,6
399,0xeab9cfb094db203e6035c2e7268a86debed5bd14,6
400,0xd6ca869a4ec9ed2c7e618062cdc45306d8dbbc14,18
401,0x340f412860da7b7823df372a2b59ff78b7ae6abc,18
402,0x86A298581388bc199e61BFeCDcA8eA22Cf6C0Da3,18
403,0xc68e83a305b0fad69e264a1769a0a070f190d2d6,18
404,0xd1e6354fb05bf72a8909266203dab80947dceccf,18
405,0x5c2ed810328349100a66b82b78a1791b101c9d61,8
406,0xd8cA34fd379d9ca3C6Ee3b3905678320F5b45195,18
407,0x28424507fefb6f7f8e9d3860f56504e4e5f5f390,18
408,0x1d2a0e5ec8e5bbdca5cb219e649b565d8e5c3360,18
409,0xa6da8c8999c094432c77e7d318951d34019af24b,18
410,0xfe712251173a2cd5f5be2b46bb528328ea3565e1,18
411,0xc4ace9278e7e01755b670c0838c3106367639962,18
412,0x0183c8ee8ce9e7a7a03a226da3dd78ff5073e7f0,18
413,0x8201532917e55ba29674ef4e88ffe0b775f1bae8,18
414,0x950e1561b7a7deb1a32a6419fd435410daf851b0,18
415,0x182db1252c39073eec9d743f13b5eeb80fde314e,18
416,0xbD1463F02f61676d53fd183C2B19282BFF93D099,18
417,0x3F364573E716e5042A1fF39416C211407122fB36,8
418,0x00e8c0e92eb3ad88189e7125ec8825edc03ab265,9
419,0xe78649874bcdb7a9d1666e665f340723a0187482,18
420,0x9719d867a500ef117cc201206b8ab51e794d3f82,6
421,0xf0f14634971c43d872d1cf1785195c0ce1000a9d,18
422,0x1a13f4ca1d028320a707d99520abfefca3998b7f,6
423,0x60d55f02a771d515e077c9c2403a1ef324885cec,6
424,0x5d066d022ede10efa2717ed3d79f22f949f8c175,18
425,0x27f8d03b3a2196956ed754badc28d73be8830a6e,18
426,0x3af556b48469d2398ab7be1563a0cfd80ea4ac84,18
427,0x1f194578e7510A350fb517a9ce63C40Fa1899427,18
428,0x9af3b7dc29d3c4b1a5731408b6a9656fa7ac3b72,18
429,0xf4b0903774532aee5ee567c02aab681a81539e92,18
430,0x4fafad147c8cd0e52f83830484d164e960bdc6c3,18
431,0x71eeba415a523f5c952cc2f06361d5443545ad28,18
432,0x0e9b89007eee9c958c0eda24ef70723c2c93dd58,18
433,0x8df3aad3a84da6b69a4da8aec3ea40d9091b2ac4,18
434,0x0d500b1d8e8ef31e21c99d1db9a6444d3adf1270,18
435,0x306ee01a6ba3b4a8e993fa2c1adc7ea24462000c,18
436,0x94788309d420ad9f9f16d79fc13ab74de83f85f7,18
437,0xcfe2cf35d2bdde84967e67d00ad74237e234ce59,18
438,0xc3fdbadc7c795ef1d6ba111e06ff8f16a20ea539,18
439,0x491a4eB4f1FC3BfF8E1d2FC856a6A46663aD556f,4
440,0x3a3df212b7aa91aa0402b9035b098891d276572b,18
441,0xfA5d5DD2517EE9C1419534a16B132adDe2e3d948,18
442,0x6f06e6bed64cf4c4187c06ee2a4732f6a171bc4e,18
443,0xb932d203f83b8417be0f61d9dafad09cc24a4715,18
444,0x1c5ea1a050633dd9136e42ce675211116f465692,18
445,0xbfa35599c7aebb0dace9b5aa3ca5f2a79624d8eb,18
446,0x6bb45ceac714c52342ef73ec663479da35934bf7,18
447,0x578fee9def9a270c20865242cfd4ff86f31d0e5b,18
448,0x859a50979fdB2A2fD8Ba1AdCC66977C6f6b1CD5B,18
449,0xf28164a485b0b2c90639e47b0f377b4a438a16b1,18
450,0xd0f3121a190d85de0ab6131f2bcecdbfcfb38891,18
451,0x2fe63c4ab031a8661e96dfa181bf4a8cbccd46a8,18
452,0x12c9ffe6538f20a982fd4d17912f0ca00fa82d30,18
453,0xed03ed872159e199065401b6d0d487d78d9464aa,6
454,0xc748b2a084f8efc47e086ccddd9b7e67aeb571bf,18
455,0x66c59dded4ef01a3412a8b019b6e41d4a8c49a35,18
456,0xad9f61563b104281b14322fec8b42eb67711bf68,18
457,0x4cffca9df0db66274a624b6017690da1c6ad74e4,18
458,0xe83cE6bfb580583bd6A62B4Be7b34fC25F02910D,8
459,0xcf74ae52ae2c848387e6cd0048e1ec5a93ee2c66,18
460,0xb53ec4ace420a62cfb75afdeba600d284777cd65,18
461,0x65c9e3289e5949134759119dbc9f862e8d6f2fbe,18
462,0xc82b9659a6d18a1a93f537731d2ca330181670ae,18
463,0x300211def2a644b036a9bdd3e58159bb2074d388,18
464,0x5eC03C1f7fA7FF05EC476d19e34A22eDDb48ACdc,18
465,0xadBe0eac80F955363f4Ff47B0f70189093908c04,18
466,0xc88640b734fea3b35c132fe757aeb5ca6c8cdc66,8
467,0x53f8036e43b2ef39cfcd0c5f26c1257a85d5a3b2,18
468,0xd10852df03ea8b8af0cc0b09cac3f7dbb15e0433,18
469,0x61f95bd637e3034133335c1baa0148e518d438ad,18
470,0x67eb41a14c0fe5cd701fc9d5a3d6597a72f641a6,18
471,0x6D802Ac662b898622F7A13e1F4cB1A50C7085b6E,18
472,0x7C58D971A5dAbd46BC85e81fDAE87b511431452E,18
473,0x0c705862f56cd8ec70337f5f5184fea4158a3c00,18
474,0x5d5530eb3147152fe78d5c4bfeede054c8d1442a,18
475,0x8f36cc333f55b09bb71091409a3d7ade399e3b1c,18
476,0x431D5dfF03120AFA4bDf332c61A6e1766eF37BDB,18
477,0xB63E54F16600b356f6d62dDd43Fca5b43d7c66fd,18
478,0x2c92a8a41f4b806a6f6f1f7c9d9dec78dcd8c18e,18
479,0xd6d3B4254B4526c3095d8AB00B75f186c56dD72C,18
480,0xe77abb1e75d2913b2076dd16049992ffeaca5235,18
481,0x218645f85ff27fc456ef46c3cdacbf5c40b2f9e8,18
482,0x8b1f836491903743fe51acd13f2cc8ab95b270f6,18
483,0x9767203e89dcd34851240b3919d4900d3e5069f1,6
484,0xab72ee159ff70b64beecbbb0fbbe58b372391c54,18
485,0x040f6b41d36f8c8e81f05ae156cd6605abf60662,18
486,0x3642c3c8ebe0b36a29e37809e1c9a7de06bc0b26,18
487,0x5d48a5e5a3e737322ae27e25897f1c9e19ecc941,18
488,0x9085b4d52c3e0b8b6f9af6213e85a433c7d76f19,18
489,0x23d29d30e35c5e8d321e1dc9a8a61bfd846d4c5c,8
490,0xeb1112ac78d537853150e2a07e8b765e29d3f019,18
491,0x845e76a8691423fbc4ecb8dd77556cb61c09ee25,18
492,0x411bc96881A62572FF33c9d8CE60dF99E3d96cd8,18
493,0xc56d17dd519e5eb43a19c9759b5d5372115220bd,18
494,0x3f6b3595ecf70735d3f48d69b09c4e4506db3f47,18
495,0x5d089336f95e649e491c054279d64a86565e8b25,18
496,0x76e63a3E7Ba1e2E61D3DA86a87479f983dE89a7E,18
497,0x998013798440d44C1dD4c767bdD9580E16E46e28,18
498,0x7dF5638222BBe24cCe39f726c3B61cC03610622a,18
499,0x8623e66bea0dce41b6d47f9c44e806a115babae0,18
500,0x28accA4ed2F6186c3D93e20e29e6e6a9Af656341,18
501,0x80244c2441779361f35803b8c711c6c8fc6054a3,18
502,0xa0e5c8b2b2e345c72f452880b2c164b944012907,18
503,0x6aaceed89ae8da9682163a8a5d555bf102561dfa,18
504,0x93fee753b548b4cf93c41ada062f80de12710db8,18
505,0xe8521b61f64fc45a0bc3db36d2a524fe61a69b52,18
506,0xfeac9362e0f03c5e2ec73cec92198720d2a090ff,18
507,0x05089c9ebffa4f0aca269e32056b1b36b37ed71b,18
508,0xd5d84e75f48e75f01fb2eb6dfd8ea148ee3d0feb,18
509,0xc2da68cd8b7fc32cf2fcecc35ca33471cc91c481,18
510,0x372d044dd3391ab6b1effde76d2579cf77a56f26,18
511,0x94025780a1aB58868D9B2dBBB775f44b32e8E6e5,18
512,0x908435624fc23130fda2d07b10c91ca2b6a57aba,18
513,0x486E453DFFc873AA0C9b75D45Cf0915a1667AbfF,18
514,0xaa9d866666c2a3748d6b23ff69e63e52f08d9ab4,18
515,0xe0f463832295adf63eb6ca053413a3f9cd8bf685,18
516,0xe580074A10360404AF3ABfe2d524D5806D993ea3,18
517,0x0a654cb371fbc3c49ccb176984d64e86fc931eea,9
518,0x4bfce5a1acc3b847afa9579ba91da33b08e66fb7,18
519,0xb82a20b4522680951f11c94c54b8800c1c237693,18
520,0x5a3064cbdccf428ae907796cf6ad5a664cd7f3d8,18
521,0xA9a779aeA33b6f40CfC78A29Cf56Fc7e6fb329AB,9
522,0xdacc6be178f123d22b672808d8494eda03c6ebc4,18
523,0x1ac417f1dd23504aac2076d854581f03196403fd,18
524,0x94f405FB408Ad743418d10f4926cb9cdb53b2ef7,18
525,0xb988bd378a0754957d5d9471c96e0f8051645a26,18
526,0x88a3acac5c48f93121d4d7771a068a1fcde078bc,18
527,0x1C0a798B5a5273a9e54028eb1524fD337B24145F,18
528,0x337bbd8e004c635d4b09f3e783742f2a8dc896e3,9
529,0x9b039724f097113991df67fb9cd06155658e7e66,18
530,0x61d5822dd7b3ed495108733e6550d4529480c8f6,18
531,0x8dfdc61c7c7551d0deec950a2822eb59cddb8f59,18
532,0xe9993763e0b7f7d915a62a5f22a6e151f91d98a8,18
533,0xf391f574c63d9b8764b7a1f56d6383762e07b75b,9
534,0x161de8f0b9a59c8197e152da422b9031d3eaf338,8
535,0x96b14e64b53b9950d2a4d2292f8dc7d51a4f467a,18
536,0xd50ec6360f560a59926216eafb98395ac430c9fd,18
537,0x6d696ebbb49c304e004f112c85a4a710e96c09d8,18
538,0x4f851750a3e6f80f1e1f89c67b56960bfc29a934,4
539,0x33F8a5029264BcFB66e39157aF3FeA3E2a8a5067,6
540,0xddc9e2891fa11a4cc5c223145e8d14b44f3077c9,18
541,0x53Adc464b488bE8C5d7269B9ABBCe8bA74195C3a,18
542,0xa17927fb75e9faea10c08259902d0468b3dead88,6
543,0x750e4c4984a9e0f12978ea6742bc1c5d248f40ed,6
544,0xceed2671d8634e3ee65000edbbee66139b132fbf,6
545,0xeddc6ede8f3af9b4971e1fa9639314905458be87,6
546,0x9C9e5fD8bbc25984B178FdCE6117Defa39d2db39,18
547,0x6fF02133867e931499bca4E38F0aA8afA651e213,18
548,0xfe4546feFe124F30788c4Cc1BB9AA6907A7987F9,18
549,0x483dd3425278c1f79f377f1034d9d2cae55648b6,18
550,0xb8901acb165ed027e32754e0ffe830802919727f,18
551,0x1D607Faa0A51518a7728580C238d912747e71F7a,18
552,0x097f01907a50ac436d47a94e58683be7160f3b0e,18
553,0x85955046df4668e1dd369d2de9f3aeb98dd2a369,18
554,0x8cd51880c0a5dbde37dddfce8d5b772fc9007495,6
555,0xc8d5a4e04387ebdaa2c0fbb6858f246116431e9f,6
556,0x1fdeaf938267ca43388ed1fdb879eaf91e920c7a,18
557,0x25b3a129907b675e19ce6dd3f2a6db50023ecf80,4
558,0x8b7aa8f5cc9996216a88d900df8b8a0a3905939a,18
559,0x971039bf0a49c8d8a675f839739ee7a42511ec91,18
560,0xbc4fb4ed825c65ff48163af7e59d49e32edb5269,18
561,0x9d373d22fd091d7f9a6649eb067557cc12fb1a0a,18
562,0x3ca3218d6c52b640b0857cc19b69aa9427bc842c,18
563,0xF88332547c680F755481Bf489D890426248BB275,18
564,0x4f025829c4b13df652f38abd2ab901185ff1e609,18
565,0x4a81f8796e0c6ad4877a51c86693b0de8093f2ef,18
566,0xd86b5923f3ad7b585ed81b448170ae026c65ae9a,18
567,0xf5f4a92afc0fdf40b7cb0054b3c4f7335cef2014,18
568,0xCB7F1Ef7246D1497b985f7FC45A1A31F04346133,18
569,0xf2f77fe7b8e66571e0fca7104c4d670bf1c8d722,18
570,0x767058F11800FBA6A682E73A6e79ec5eB74Fac8c,18
571,0x8ca194A3b22077359b5732DE53373D4afC11DeE3,18
572,0x84526c812D8f6c4fD6C1a5B68713AFF50733E772,18
573,0xE6d222caAed5F5DD73A9713AC91C95782e80ACBf,18
574,0x4e3decbb3645551b8a19f0ea1678079fcb33fb4c,18
575,0x192Ef3FFF1708456D3A1F21354FA8d6bFd86b45c,18
576,0x8343091F2499FD4b6174A46D067A920a3b851FF9,18
577,0xbd1fe73e1f12bd2bc237de9b626f056f21f86427,18
578,0x6b526Daf03B4C47AF2bcc5860B12151823Ff70E0,18
579,0x182c76e977161f703bb8f111047df6c43cfacc56,18
580,0x486880FB16408b47f928F472f57beC55AC6089d1,18
581,0x08e6d1f0c4877ef2993ad733fc6f1d022d0e9dbf,18
582,0xa926db7a4CC0cb1736D5ac60495ca8Eb7214B503,18
583,0xa22f6bc96f13bcc84df36109c973d3c0505a067e,18
584,0x197e5d6ccff265ac3e303a34db360ee1429f5d1a,18
585,0x2a227fc77bb2cf8f1881a04ecc8fa01ec57ec9fc,18
586,0xc948ee9a0687c292ac4d8c1e2557ad652d6baf44,18
587,0x388d819724dd6d71760a38f00dc01d310d879771,8
588,0x1b41a1ba7722e6431b1a782327dbe466fe1ee9f9,18
589,0x6ee84b985afc10ea5efbba541f3bc2b747b902cb,18
590,0x2cd2f91870a47dbcb581ba49c854bc2c95e55124,18
591,0x2a2597106ea7ca51ac9890d020fb3206fff9653c,18
592,0xee4b1063d2fbae4e3f6c7322cfc4b05ac2dbf579,18
593,0xd62c2842e60d1a7ad354fb4dd39dce8c7d4b9dd0,18
594,0x03d1af7094724d88d53b2d46bb6e2fee113d6856,18
595,0x0319e6dbf518094b7e2220431b2586e303f91267,18
596,0xa2471ffabceeee85a9226c24a95765335d26b4ee,18
597,0x9ee45adbb2f2083ab5cd9bc888c77a662dbd55fe,18
598,0x2C2D8a078B33bf7782a16AcCE2C5BA6653a90D5f,18
599,0xbC2E674dFe0d885081f429b296D7aE2B784D1198,18
600,0x124f09492c62fd0d86d1e8d71c949720941ef914,18
601,0x56ac3cb5e74b8a5a25ec9dc05155af1dad2715bd,18
602,0x2cd8650ca253bff0c3b99d636a7119d7cb7077d4,18
603,0xf287d97b6345bad3d88856b26fb7c0ab3f2c7976,18
604,0x712f0cf37bdb8299d0666727f73a5caba7c1c24c,18
605,0x8cc8538d60901d19692f5ba22684732bc28f54a3,18
606,0x247b5bcc806f86969e0ee5446d411283b218f645,18
607,0xda803c6ad8078c51c5334b51aa4cc3f440d56d5f,18
608,0x05f024c6f5a94990d32191d6f36211e3ee33504e,18
609,0xff2382bd52efacef02cc895bcbfc4618608aa56f,18
610,0xb6f10be9201fb110b3aa275267a234e84ade8e95,18
611,0x800800500fd721a2e8092bd2d0401841b33b0fe7,9
612,0xb900564043e2062b9c074ec5272c264a4dd1ef70,18
613,0x4b96dbf8f42c8c296573933a6616dcafb80ca461,9
614,0xcc2a9051e904916047c26c90f41c000d4f273456,6
615,0x7b367a058f370c0057762280547d0b974cf3ac10,18
616,0x6fdba1a4f28d7077cfd3080f70c13020bc5b5865,18
617,0x4c16f69302ccb511c5fac682c7626b9ef0dc126a,18
618,0x431cd3c9ac9fc73644bf68bf5691f4b83f9e104f,18
619,0x1132f58810ee9ff13e97aeccd8dda688cc5eb8f4,9
620,0x3a58a54c066fdc0f2d55fc9c89f0415c92ebf3c4,18
621,0x9f93aca246f457916e49ec923b8ed099e313f763,6
622,0x5126f540a90b43eb3c20fc5d734ecc749f2aadc7,18
623,0x3350289891543865f8bb41ee747f31ce5d5e3739,18
624,0x7782046601e7b9b05ca55a3899780ce6ee6b8b2b,18
625,0x9ec9551d4a1a1593b0ee8124d98590cc71b3b09d,6
626,0x7f792db54b0e580cdc755178443f0430cf799aca,9
627,0xc30dd0cce2e683aa68c87c280e73beb3dec9b3ba,18
628,0xdfb5a6b5136186f4ffcf3fe055b48f27793cdbd2,18
629,0x6888f67662d1f442c4428129e0bdb27a275e0a65,9
630,0x11c70caa910647d820bd014d676dcd97edd64a99,18
631,0xf8095ffd24f02bd8aedc96e5a3617310815cc4c7,18
632,0x64875aaa68d1d5521666c67d692ee0b926b08b2f,18
633,0x74d23f21f780ca26b47db16b0504f2e3832b9321,18
634,0xcff3da3c8ce81b27a12f4582031af97d7d433369,18
635,0xee7666aacaefaa6efeef62ea40176d3eb21953b9,18
636,0xf49cb3b72d170407aed7ed5b34d6e7bbe58ac917,18
637,0xb2d9646a1394bf784e376612136b3686e74a325f,18
638,0xc2c88da3bc73d927293e4c516c446f87884b84c6,18
639,0xa1219dbe76eecbf7571fed6b020dd9154396b70e,18
640,0x689f8e5913c158ffb5ac5aeb83b3c875f5d20309,18
641,0x52a7f40bb6e9bd9183071cdbdd3a977d713f2e34,18
642,0xc4bf2a012af69d44abc4bbe2b1875a222c1c32e1,18
643,0xe3d73635cf43551d245a551c8cf909a8475299bb,18
644,0xdfed31e640b7280f76f046a97179e5e369d209b5,18
645,0x0e50bea95fe001a370a4f1c220c49aedcb982dec,18
646,0x6ccf12b480a99c54b23647c995f4525d544a7e72,18
647,0xd7f1d4f5a1b44d827a7c3cc5dd46a80fade55558,18
648,0x4642dafc5281ba5a8d35b2896e0d925b23c6883c,18
649,0xd8ca34fd379d9ca3c6ee3b3905678320f5b45195,18
650,0x853ee4b2a13f8a742d64c8f088be7ba2131f670d,18
651,0xaffa7545b594976141d03322b208fe8433adc2c2,18
652,0x0d0b8488222f7f83b23e365320a4021b12ead608,18
653,0x1ce4a2c355f0dcc24e32a9af19f1836d6f4f98ae,18
654,0x8a0e8b4b0903929f47c3ea30973940d4a9702067,18
655,0x9ab6e8197cfd366f920b54cb069ce6273898cb0b,9
656,0x88c949b4eb85a90071f2c0bef861bddee1a7479d,18
657,0xb8c3d5fc01718095d5494a42fb8bbb47f516e28d,18
658,0x1441729568ab2a9871677edfeb13fbfcc7157a26,18
659,0x0a1dcc07160935f78b0849e6af83eb9c98fa2e37,18
660,0x7a9c2075493dbc9e3edfc8a4c44613a372cb99bf,18
661,0x835ba011ec70e695879185df3d46939dbfbef7e5,18
662,0x55ff76bffc3cdd9d5fdbbc2ece4528ecce45047e,18
663,0xd2149a01d5d1b9f87d515622cc01b6f945e24b08,18
664,0x72fde64422ec9b5319ea83e6ee34b5290f47ac95,18
665,0xe51e88dd08499762b8e4eb3a9f3da9b8e79608c3,18
666,0x12365293cb6477d4fc2686e46bb97e3fb64f1550,18
667,0xc1cc96ca83f54563cc85698a4e5e353b8abd0273,18
668,0xca75c4aa579c25d6ab3c8ef9a70859abf566fa1d,18
669,0x9ae7cbe16ba387101048b6da1f2b11604a4ab253,18
670,0x8b89477dfde285849e1b07947e25012206f4d674,18
671,0x5b4cf2c120a9702225814e18543ee658c5f8631e,18
672,0xc789f877fbb6aa4457ee5531cceb76da6d3d1e3f,18
673,0x4985e0b13554fb521840e893574d3848c10fcc6f,18
674,0x104592a158490a9228070e0a8e5343b499e125d0,18
675,0xf0696be85fa54f7a8c9f20aa98aa4409cd5c9d1b,18
676,0x61b31f8d9d8bd303891ec4030b1206cab9488c95,18
677,0xa2ca40dbe72028d3ac78b5250a8cb8c404e7fb8c,18
678,0x6aca77cf3bab0c4e8210a09b57b07854a995289a,18
679,0x7ceb23fd6bc0add59e62ac25578270cff1b9f619,18
680,0xede17e9d79fc6f9ff9250d9eefbdb88cc18038b5,18
681,0x769434dca303597c8fc4997bf3dab233e961eda2,18
682,0x600743b1d8a96438bd46836fd34977a00293f6aa,18
683,0xc2755915a85c6f6c1c0f3a86ac8c058f11caa9c9,6
684,0x229b1b6c23ff8953d663c4cbb519717e323a0a84,18
685,0xcd7361ac3307d1c5a46b63086a90742ff44c63b3,18
686,0x476718ea98525f6eeba3689b321e709522ae0930,18
687,0x2813d43463c374a680f235c428fb1d7f08de0b69,18
688,0x4d6a30efbe2e9d7a9c143fce1c5bb30d9312a465,18
689,0x13748d548d95d78a3c83fe3f32604b4796cffa23,18
690,0xebe0c8d842aa5a57d7bef8e524deaba676f91cd1,18
691,0xdad97f7713ae9437fa9249920ec8507e5fbb23d3,18
692,0x3505f494c3f0fed0b594e01fa41dd3967645ca39,18
693,0x2934b36ca9a4b31e633c5be670c8c8b28b6aa015,18
694,0xaa0e058e84b7e0008fac3e35ae5954c3af224bb6,18
695,0x059eb35959b5ad5a37ce9198726cab84824fd690,18
696,0x501ace9c35e60f03a2af4d484f49f9b1efde9f40,18
697,0xc038804f415e891ad1660e4165225568b1b02202,18
698,0x0d34e5dd4d8f043557145598e4e2dc286b35fd4f,18
699,0xc0050638d1e7233054e7fdf6baef846e92e2579a,18
700,0x80c0cbdb8d0b190238795d376f0bd57fd40525f2,18
701,0x29f1e986fca02b7e54138c04c4f503dddd250558,18
702,0x8fa6c2dccf3f1ddefd0140e9fe850ef293ff62f8,18
703,0x405ce8b2eaeea7d4ba5fc160848cb2a6569e03f0,18
704,0xc48f61a288a08f1b80c2edd74652e1276b6a168c,18
705,0xf8ac186555cbd5104c0e8c5bacf8bb779a3869f5,18
706,0xc3c604f1943b8c619c5d65cd11a876e9c8edcf10,18
707,0xe5417af564e4bfda1c483642db72007871397896,18
708,0x17e2e3d4a27e8e0790c85ff2ec13d001e749e49e,18
709,0x53d76f967de13e7f95e90196438dce695ecfa957,18
710,0x186c4137136970739b472a8192d3d2afc5543b61,18
711,0xbe492c09e2d043f034ba1470cd56b7bff2ab3213,18
712,0xd1ecdc553651dab068486d9c4d066ecdc614416e,18
713,0xee1eb5febef78a1eb1a23e79930d9c587f954e05,18
714,0x36128d5436d2d70cab39c9af9cce146c38554ff0,18
715,0x7cdc0421469398e0f3aa8890693d86c840ac8931,18
716,0x369582d2010b6ed950b571f4101e3bb9b554876f,18
717,0xe82808eaa78339b06a691fd92e1be79671cad8d3,18
718,0x1e67124681b402064cd0abe8ed1b5c79d2e02f64,18
719,0xb1d82666384be5f8c59aa18e650493abb8a614ad,18
720,0xb371248dd0f9e4061ccf8850e9223ca48aa7ca4b,18
721,0xadbf1854e5883eb8aa7baf50705338739e558e5b,18
722,0xf826a91e8de52bc1baf40d88203e572dc2551aa3,18
723,0x985aa5568afb9306d9c3fb04b207f0b116631948,18
724,0x0297e37f1873d2dab4487aa67cd56b58e2f27875,18
725,0x5647fe4281f8f6f01e84bce775ad4b828a7b8927,18
726,0x3df8f92b7e798820ddcca2ebea7babda2c90c4ad,18
727,0x32cd1bcb75473845b5d1db6ece60aec6e41d8518,18
728,0xa1428174f516f527fafdd146b883bb4428682737,18
729,0xa5577d1cec2583058a6bd6d5deac44797c205701,18
730,0x4cebdbcb286101a17d3ea1f7fe7bbded2b2053dd,18
731,0x95e9464b5cc3bf81210259812b51665a437aa11b,18
732,0x1549e0e8127d380080aab448b82d280433ce4030,18
733,0x0470cd31c8fcc42671465880ba81d631f0b76c1d,18
734,0xa34e0eacb7fbb0b0d45da89b083e0f87fcdf6157,18
735,0xa6b37fc85d870711c56fbcb8afe2f8db049ae774,18
736,0x426a56f6923c2b8a488407fc1b38007317ecafb1,18
737,0x8d43b5c7e3d7577bbf75b70c3880b99164a23634,18
738,0x5d2375c6af4b7de4e395ada20aab937895b4fa70,18
739,0x8d1566569d5b695d44a9a234540f68d393cdc40d,18
740,0xaaa5b9e6c589642f98a1cda99b9d024b8407285a,18
741,0x64ca1571d1476b7a21c5aaf9f1a750a193a103c0,18
742,0x9b17baadf0f21f03e35249e0e59723f34994f806,18
743,0xa55870278d6389ec5b524553d03c04f5677c061e,18
744,0x2ab4f9ac80f33071211729e45cfc346c1f8446d5,8
745,0xc9ba162d07d762ad4c2a759cf806f8650b6c9a93,18
746,0xc1c90030b0f0d7421cbefc21b398ba8b1138ef5c,18
747,0xb8e54c9ea1616beebe11505a419dd8df1000e02a,18
748,0xdd56432a6a3d578686982b5aa5446c108350378b,6
749,0x032f85b8fbf8540a92b986d953e4c3a61c76d39e,18
750,0xe3ab61371ecc88534c522922a026f2296116c109,18
751,0x89ef0900b0a6b5548ab2ff58ef588f9433b5fcf5,18
752,0x6d24195060e20c2d717408b8decca487b945c78b,18
753,0x7f426f6dc648e50464a0392e60e1bb465a67e9cf,18
754,0x4c53fe4c3b78fb16115da0c59863f0f5beb22d24,18
755,0x9bd9ad490dd3a52f096d229af4483b94d63be618,18
756,0x3068382885602fc0089aec774944b5ad6123ae60,18
757,0xd78c475133731cd54dadcb430f7aae4f03c1e660,18
758,0x33465fa2e5e8aa5ae04503cbfd88b6025eda2629,18
759,0x4227c55bf21e95a87c00988fec98c50e9aba866c,18
760,0xbfc70507384047aa74c29cdc8c5cb88d0f7213ac,18
761,0x22e51bae3f545255e115090202a23c7ede0b00b9,18
762,0xc17b109e146934d36c33e55fade9cbda791b0366,18
763,0x8f9e8e833a69aa467e42c46cca640da84dd4585f,18
764,0x985f3300cb203efae88d9f9a2a707c7a330f2967,18
765,0xac63686230f64bdeaf086fe6764085453ab3023f,6
766,0xdae89da41a96956e9e70320ac9c0dd077070d3a5,18
767,0x08158a6b5d4018340387d1a302f882e98a8bc5b4,12
768,0x76bf0c28e604cc3fe9967c83b3c3f31c213cfe64,18
769,0x9e2d266d6c90f6c0d80a88159b15958f7135b8af,18
770,0xa832926e3f6a3339ae68f70d76860d212959e0e7,18
771,0xabeb34c52292c5f3ee96396e02d8a77c8a903a4f,18
772,0x4f6cbaca3151f7746273004fd7295933a9b70e69,18
773,0xd93f7e271cb87c23aaa73edc008a79646d1f9912,18
774,0xebc4f9b1ce66258ac3a48578ffeeba1330ddb68b,18
775,0xeb45921fedadf41df0bfcf5c33453acedda32441,18
776,0x3b6b158a76fd8ccc297538f454ce7b4787778c7c,18
777,0x92c59f1cc9a322670cca29594e4d994d48bdfd36,18
778,0x72928d5436ff65e57f72d5566dcd3baedc649a88,18
779,0x057e0bd9b797f9eeeb8307b35dbc8c12e534c41e,18
780,0x35f80a39eefe33d0dfd2ad2daa6ad6a9d472cebd,9
781,0x3885503aef5e929fcb7035fbdca87239651c8154,18
782,0x30de46509dbc3a491128f97be0aaf70dc7ff33cb,18
783,0x3fb256cfefedb6a54de7465c0ee86dc574ae464d,18
784,0xab3d689c22a2bb821f50a4ff0f21a7980dcb8591,9
785,0xb763f1177e9b2fb66fbe0d50372e3e2575c043e5,18
786,0x535e3f59afb1de1a5694d5840224f964d53f7688,8
787,0x59e8e9100cbfcbcbadf86b9279fa61526bbb8765,18
788,0x7cc15fef543f205bf21018f038f591c6bada941c,18
789,0xe6469ba6d2fd6130788e0ea9c0a0515900563b59,8
790,0xc8bcb58caef1be972c0b638b1dd8b0748fdc8a44,18
791,0x75c4d1fb84429023170086f06e682dcbbf537b7d,18
792,0x7bdf330f423ea880ff95fc41a280fd5ecfd3d09f,8
793,0xad326c253a84e9805559b73a08724e11e49ca651,18
794,0x430ef9263e76dae63c84292c3409d61c598e9682,6
795,0x5e0294af1732498c77f8db015a2d52a76298542b,18
796,0x28acca4ed2f6186c3d93e20e29e6e6a9af656341,18
797,0x64ee4f41a15d6c431ab6607d4e95462169d50f6c,18
798,0x2db0db271a10661e7090b6758350e18f6798a49d,18
799,0x1be356364a1e849af2f7a513fc46dab6063db485,18
800,0x255707b70bf90aa112006e1b07b9aea6de021424,18
801,0x10f525cfbce668815da5142460af0fcfb5163c81,18
802,0x426ac20aa0ce165cccfb905fb917758731ffc20d,18
803,0xfb00ac187a8eb5afae4eace434f493eb62672df7,18
804,0xa649325aa7c5093d12d6f98eb4378deae68ce23f,18
805,0x5430a0b6c11f870571ffa891d59dec8c4608ea9a,6
806,0xde12c7959e1a72bbe8a5f7a1dc8f8eef9ab011b3,18
807,0x3949f058238563803b5971711ad19551930c8209,18
808,0xf4c83080e80ae530d6f8180572cbbf1ac9d5d435,18
809,0x3809dcdd5dde24b37abe64a5a339784c3323c44f,18
810,0x04568467f0aae5fb85bf0e031ee66ff2c200a6fb,18
811,0x5314ba045a459f63906aa7c76d9f337dcb7d6995,18
812,0x29040596c98c193014801ce473fce644cc4ea339,18
813,0x348e62131fce2f4e0d5ead3fe1719bc039b380a9,18
814,0x7e9928afe96fefb820b85b4ce6597b8f660fe4f4,18
815,0x9cd6746665d9557e1b9a775819625711d0693439,18
816,0x8038857fd47108a07d1f6bf652ef1cbec279a2f3,18
817,0xc48ae82ca34c63887b975f20aba91a38f2a900b8,18
818,0xf11de26883eb2ebf9877a01703ddc1eb619094e6,18
819,0x48cbc913de09317df2365e6827df50da083701d5,18
820,0x7f280dac515121dcda3eac69eb4c13a52392cace,18
821,0x5248febc5130575f98a4ff285535b94a0595a817,6
822,0x00d5149cdf7cec8725bf50073c51c4fa58ecca12,18
823,0x388e2a3d389f27504212030c2d42abf0a8188cd1,18
824,0xdb982a636807b3acd9fd28a99410b68c2159fb32,18
825,0x4ac6e3cda66967f1286da690129a33638f9e7088,18
826,0x5f046b188b2aa168286b3e91a169b78567f4ddd1,18
827,0x0ffc26bedf1eb59b27479f0b79d95f61dcfb200c,18
828,0x7afc060acca7ec6985d982dd85cc62b111cac7a7,18
829,0x1d72b58d2b73942451b1d0dfe2b6ef2c5a52a301,18
830,0x5f084f3ee7ea09e4c01cee3cdf1b5620a3344fd0,18
831,0x70d59baa5ab360b2723dd561415bdbcd4435e1c4,18
832,0x02649c1ff4296038de4b9ba8f491b42b940a8252,18
833,0x8826c072657983939c26e684edcfb0e4133f0b3d,18
834,0xe7c9d242137896741b70cefef701bbb4dcb158ec,18
835,0xdd28ec6b06983d01d37dbd9ab581d8d884d95264,9
836,0x06df3b2bbb68adc8b0e302443692037ed9f91b42,18
837,0xe1398b5d2f3cef77a13a7ccbae33f2121c217301,18
838,0x12a34a6759c871c4c1e8a0a42cfc97e4d7aaf68d,18
839,0x26373ec913876c9e6d38494dde458cb8649cb30c,18
840,0xd5d86fc8d5c0ea1ac1ac5dfab6e529c9967a45e9,18
841,0x01d35cbc2070a3b76693ce2b6364eae24eb88591,6
842,0x5027da71ea7679775c3870a508cb1cdefdbeca25,18
843,0x5bef2617ecca9a39924c09017c5f1e25efbb3ba8,18
844,0x0b086d9084f3cce5d2cf2c2b8aa868b342d48cbc,18
845,0x778949e707a0eb6c32ca20b1f9e0db9685d18024,8
846,0xfec2385b26a4446a7813d16263348fde7e99fee4,18
847,0xacee7bd17e7b04f7e48b29c0c91af67758394f0f,18
848,0x70c006878a5a50ed185ac4c87d837633923de296,18
849,0xc452bf6d1655dda4ab25e1dac9a03f9622fe43e1,8
850,0x692ac1e363ae34b6b489148152b12e2785a3d8d6,18
851,0x14af1f2f02dccb1e43402339099a05a5e363b83c,18
852,0x160532d2536175d65c03b97b0630a9802c274dad,18
853,0x3b1a0c9252ee7403093ff55b4a5886d49a3d837a,18
854,0x948d0a28b600bdbd77af4ea30e6f338167034181,18
855,0x1bc84db86ef36fadb86e5882d5445d5725394937,18
856,0x38029c62dfa30d9fd3cadf4c64e9b2ab21dbda17,18
857,0x123706cdd8e60324e610e9a2cc7012d0f45a5b8e,18
858,0x8ffdf2de812095b1d19cb146e4c004587c0a0692,18
859,0xa3d8885825a843f040eb64a6a846b687cd07f072,18
860,0xa9f37d84c856fda3812ad0519dad44fa0a3fe207,18
861,0xc8377e3ebb37c22b712db66e06b6d86e8a69d66f,18
862,0xe50fa9b3c56ffb159cb0fca61f5c9d750e8128c8,18
863,0x919b22450c38108bb624c4c72b085cd7c0442b80,3
864,0x65d43b64e3b31965cd5ea367d4c2b94c03084797,18
865,0x8fa2fdff3a57a1a44fd111945d05070cad0a44cc,18
866,0x82362ec182db3cf7829014bc61e9be8a2e82868a,18
867,0x8f6196901a4a153d8ee8f3fa779a042f6092d908,8
868,0x557e6bf1442e47edd7cc61d231257362e8f662d9,18
869,0xaa7c2879daf8034722a0977f13c343af0883e92e,18
870,0x49690541e3f6e933a9aa3cffee6010a7bb5b72d7,18
871,0xd69b31c3225728cc57ddaf9be532a4ee1620be51,18
872,0x34d4ab47bee066f361fa52d792e69ac7bd05ee23,18
873,0x5a0801bad20b6c62d86c566ca90688a6b9ea1d3f,18
874,0x6a304dfdb9f808741244b6bfee65ca7b3b3a6076,18
875,0xbb0895940aafcb71d3c690ff83eb824e78711185,18
876,0xd5fa77a860fea9cff31da91bbf9e0faea9538290,18
877,0x64060ab139feaae7f06ca4e63189d86adeb51691,18
878,0xfae400bf04f88e47d899cfe7e7c16bf8c8ae919b,9
879,0x22965e296d9a0cd0e917d6d70ef2573009f8a1bb,18
880,0xbdccf75601e8b11e1b11a99f9f846a036532b898,18
881,0xd8e376e3b3630b1790fb9a79d91732f568bccbe1,18
882,0x6286a9e6f7e745a6d884561d88f94542d6715698,18
883,0x72bba3aa59a1ccb1591d7cddb714d8e4d5597e96,18
884,0xccb65f861266ef7def8bf35d4247e3ffa03563c7,18
885,0xab08b85be2066165deae128d582d62e5377209b8,18
886,0xa65722af4957cef481edb4cb255f804dd36e8adc,18
887,0x292b7e5d83aae5fbedea8bee792dfdf0af0c7103,18
888,0x225084d30cc297f3b177d9f93f5c3ab8fb6a1454,18
889,0x41b3de329f181132d019aff3ce1d3b2105248ec4,6
890,0x3326b511a74bcb25d052e4f962a2c5fd4c6cd4e8,18
891,0x6d80113e533a2c0fe82eabd35f1875dcea89ea97,18
892,0x15e99d827c1d2fc2b9b5312d1e71713c88110bdb,18
893,0xb933e9e1ed78612e24f79cdf6976ef19fe0e357c,18
894,0xecdcb5b88f8e3c15f95c720c51c71c9e2080525d,18
895,0x2e1b98f7fdc85800da80f9478789daeff538fbd4,9
896,0x42d61d766b85431666b39b89c43011f24451bff6,18
897,0x6cd6cb131764c704ba9167c29930fbdc38901ab7,9
898,0xcd86152047e800d67bdf00a4c635a8b6c0e5c4c2,18
899,0x5c947eb80d096a5e332bf79bfdc9feb3d0a201d7,18
900,0xe46f5128b933e5a6f907fe73ece80059c222db0a,18
901,0x6333000289bc27a090b3d51e734c2f13e3edc4fd,18
902,0x01d119e2f0441ea442e3ab84e0dbbf04bd993556,18
903,0xb1163002c7cb1892d8b188580e9b7e92dc140a49,18
904,0x8c4476dfec8e7eedf2de3e9e9461b7c14c828d46,18
905,0x32934cb16da43fd661116468c1b225fc26cf9a8c,18
906,0xe47a7ebf8ec907854ccabead79a5e720a329bd31,18
907,0xacd4e2d936be9b16c01848a3742a34b3d5a5bdfa,18
908,0x8f0224e841b78bf380649b6b19503e2bfc76efc7,18
909,0xfd0cbddec28a93bb86b9db4a62258f5ef25fefde,18
910,0x66cb95df6d01ce8a3f16b9bfd10a4b56e124cf1e,18
911,0x0a8a3cb9a21c893a207826e76125ef6faaad99ec,18
912,0x7075cab6bcca06613e2d071bd918d1a0241379e2,6
913,0xa5ff48e326958e0ce6fdf9518de561f2b5f57da3,6
914,0xfb5b8515b011b073defb5fa63b05a7190a5207b3,18
915,0x0dfbf1a50bdcb570bd0ff7bb307313b553a02598,18
916,0xe7a24ef0c5e95ffb0f6684b813a78f2a3ad7d171,18
917,0x9c1c23e60b72bc88a043bf64afdb16a02540ae8f,18
918,0xad6ad29d6b8b74b4302dd829c945ca3274035c16,18
919,0xfcd9e1624938d8c8da568dd6c75e3396ee762301,18
920,0xadd053a09f95e565b25d8b9b84d0fcfaa962465e,18
921,0x5427fefa711eff984124bfbb1ab6fbf5e3da1820,18
922,0x3904ac366d348636694cb6720aa1540e76441b1b,18
923,0x0266f4f08d82372cf0fcbccc0ff74309089c74d1,18
924,0x19793b454d3afc7b454f206ffe95ade26ca6912c,18
925,0x8346ab8d5ea7a9db0209aed2d1806afa0e2c4c21,18
926,0xe7879bafa6a41f919f145a97207e54839d34c9ba,18
927,0xe695fced8fd93eee54204a7fc33323a60d41865a,18
928,0xd94112b5b62d53c9402e7a60289c6810def1dc9b,18
929,0x21804205c744dd98fbc87898704564d5094bb167,2
930,0xfccf3cabbe80101232d343252614b6a3ee81c989,18
931,0x01fa5b3a5d77bcf705dd505bbcbb34bce310e7fe,8
932,0xcfb54a6d2da14abecd231174fc5735b4436965d8,18
933,0x6e53cb6942e518376e9e763554db1a45ddcd25c4,18
934,0x381d168de3991c7413d46e3459b48a5221e3dfe4,18
935,0xda7cd765df426fca6fb5e1438c78581e4e66bfe7,18
936,0xd0e9c8f5fae381459cf07ec506c1d2896e8b5df6,18
937,0x504d66afe05728941e2445874b127efadf8aabd2,18
938,0xe613a914bbb433855378183c3ab13003285da40a,5
939,0x84342e932797fc62814189f01f0fb05f52519708,18
940,0x8f06208951e202d30769f50faec22aeec7621be2,18
941,0xdae5f1590db13e3b40423b5b5c5fbf175515910b,18
942,0xfe56793f6d7f93fe44b7a290a92b4320a9198f24,18
943,0x5c4b7ccbf908e64f32e12c6650ec0c96d717f03f,18
944,0x011734f6ed20e8d011d85cf7894814b897420acf,18
945,0xbbca42c60b5290f2c48871a596492f93ff0ddc82,18
946,0x5ea6459a87aba0139653e6eae79433c0cfaaac34,18
947,0xd49c450f17cc669a25623ef12de7f3339bc28921,18
948,0xff88434e29d1e2333ad6baa08d358b436196da6b,18
949,0xab0b2ddb9c7e440fac8e140a89c0dbcbf2d7bbff,18
950,0xfe952465773be3802eac343c89ad351c77c00ab1,0
951,0x538d47d142f6993038a667e9d6210d3735749b36,18
952,0xe20d2df5041f8ed06976846470f727295cdd4d23,18
953,0xe45a1ece1a701dce15a6ce31467beabf018780bb,18
954,0xcdf4cce89702760f7cf434a69af621b951f676e3,18
955,0x7f2f223a851e8380473cebdbb14ca67d323e061d,18
956,0x9a06db14d639796b25a6cec6a1bf614fd98815ec,18
957,0x11a819beb0aa3327e39f52f90d65cc9bca499f33,18
958,0xfc5a11d0fe8b5ad23b8a643df5eae60b979ce1bf,9
959,0x3f1f398887525d2d9acd154ec5e4a3979adffae6,18
960,0xa1388e73c51b37383b1ab9dce8317ef5a0349cc5,6
961,0x2857686536f58dd835dbf43c9f549676296ef336,18
962,0x5c7f7fe4766fe8f0fa9b41e2e4194d939488ff1c,18
963,0x06f34105b7dfedc95125348a8349bda209928730,6
964,0x350cac55be4db9f043e5c20e8ef0e0dbd604fea5,18
965,0x7075f7b8d36998c4429fc43d20ce41f2a3c7ef9a,18
966,0x7a8941f4e77786a63e584c579f55c7c599bf0c67,18
967,0x248960a9d75edfa3de94f7193eae3161eb349a12,18
968,0x905e21f6c4cb1ad789ced61cd0734590a4542346,18
969,0x6e7a5fafcec6bb1e78bae2a1f0b612012bf14827,9
970,0x0452dd4d9b5b0be57b9e98b825051833f20271ac,18
971,0x301595f6fd5f69fad7a488dacb8971e7c0c2f559,18
972,0x0b68782eff3177f1f9240b64a7e2f8e0497e2454,18
973,0x5198e7cc1640049de37d1bd10b03fa5a3afda120,18
974,0x01b317bc5ed573faa112ef64dd029f407cecb155,18
975,0x9c78ee466d6cb57a4d01fd887d2b5dfb2d46288f,18
976,0xf2d8124b8f9267dad61351c7ad252362880c6638,18
977,0x363f306f648001dc0548b3f32882983ea50e5da0,18
978,0xe8a05e85883f9663b18a38d7aa89853deaba56e3,18
979,0x4455ef8b4b4a007a93daa12de63a47eeac700d9d,18
980,0x8c9d3bc4425773bd2f00c4a2ac105c5ad73c8141,6
981,0x8d25fec513309f2d329d99d6f677d46c831fdee8,6
982,0x7dff46370e9ea5f0bad3c4e29711ad50062ea7a4,18
983,0xaa7dbd1598251f856c12f63557a4c4397c253cea,9
984,0x4f438603ebde2b0e4524173f2f123aa738f14652,18
985,0xca0f37f73174a28a64552d426590d3ed601ecca1,9
986,0xc1c93d475dc82fe72dbc7074d55f5a734f8ceeae,8
987,0x1205f31718499dbf1fca446663b532ef87481fe1,18
988,0x40c0e9376468b4f257d15f8c47e5d0c646c28880,18
989,0xd4945a3d0de9923035521687d4bf18cc9b0c7c2a,6
990,0xdda40cdfe4a0090f42ff49f264a831402adb801a,18
991,0x2b88ad57897a8b496595925f43048301c37615da,18
992,0x3402e15b3ea0f1aec2679c4be4c6d051cef93953,0
993,0xea4eca0fbeb0fcaae61d2fa2b2877d435faeee1c,18
994,0x7e4c577ca35913af564ee2a24d882a4946ec492b,18
995,0x3ad736904e9e65189c3000c7dd2c8ac8bb7cd4e3,9
996,0x01a8eb7751fc53c1a780f4eb8ed4d8ae7ccffe15,18
997,0x6b9a80572382159d3656ea43bea144f1151ccce7,18
998,0xf8a57c1d3b9629b77b6726a042ca48990a84fb49,18
999,0xa85f8a198d59f0fda82333be9aeeb50f24dd59ff,6
1000,0xe4fb1bb8423417a460286b0ed44b64e104c5fae5,18
1001,0x6ff62bfb8c12109e8000935a6de54dad83a4f39f,18
1002,0xe587c332edab74a4e443c6a6a88cbcb727125b39,18
1003,0x083830d8d41f21de5832649db40e9268b027696a,18
1004,0x511d35c52a3c244e7b8bd92c0c297755fbd89212,18
1005,0x428ac1de3fc08c0f3a47745c964f7d677716981f,8
1006,0x3a9a81d576d83ff21f26f325066054540720fc34,18
1007,0x34965ba0ac2451a34a0471f04cca3f990b8dea27,8
1008,0x0cfc9a713a5c17bc8a5ff0379467f6558bacd0e0,18
1009,0xcd578f016888b57f1b1e3f887f392f0159e26747,9
1010,0xe58e8391ba17731c5671f9c6e00e420608dca10e,9
1011,0x6e1d1eb4581e4c612240ec603a243ce9ae3265e4,0
1012,0x0b6afe834dab840335f87d99b45c2a4bd81a93c7,18
1013,0xe342ebb6a56cd3dbf0fe01a447fe367b9290ecf8,18
1014,0xfe4546fefe124f30788c4cc1bb9aa6907a7987f9,18
1015,0xcc1b9517460d8ae86fe576f614d091fca65a28fc,8
1016,0x73a7b621090b8d7584cc40d1b1f016fb831949a3,18
1017,0x831753dd7087cac61ab5644b308642cc1c33dc13,18
1018,0xe7804d91dfcde7f776c90043e03eaa6df87e6395,18
1019,0x03b67a0ce884e806673cc92e9a1c4a77d5bc770b,18
1020,0x11cd37bb86f65419713f30673a480ea33c826872,18
1021,0xb0dc320ea9eea823a150763abb4a7ba8286cd08b,18
1022,0x211f4e76fcb811ed2b310a232a24b3445d95e3bc,18
1023,0x34f380a4e3389e99c0369264453523bbe5af7fab,18
1024,0x46f48fbdedaa6f5500993bede9539ef85f4bee8e,18
1025,0xacbd826394189cf2623c6df98a18b41fc8ffc16d,18
1026,0x1fa2f83ba2df61c3d370071d61b17be01e224f3a,18
1027,0x539564caeff8c504a4e12bf5cd23bb822fd980ed,18
1028,0xccb9d2100037f1253e6c1682adf7dc9944498aff,18
1029,0x604229c960e5cacf2aaeac8be68ac07ba9df81c3,18
1030,0xbbba073c31bf03b8acf7c28ef0738decf3695683,18
1031,0x9803c7ae526049210a1725f7487af26fe2c24614,18
1032,0xfa71ecac520c2074b4dd047d3696c0aed1b7c3e2,18
1033,0x5aefd5c04ed6dbd856a5aeb691efcc80c0ab7472,18
1034,0x6f370dba99e32a3cad959b341120db3c9e280ba6,18
1035,0x91c89a94567980f0e9723b487b0bed586ee96aa7,18
1036,0xbccff1c6c1ca650f533d3dcc5f4722aae6718337,0
1037,0x2a82437475a60bebd53e33997636fade77604fc2,18
1038,0x0ef2603cd156e1934e19d0b07cd64f415e1e7940,9
1039,0xd55fce7cdab84d84f2ef3f99816d765a2a94a509,18
1040,0xf7e78d9c4c74df889a83c8c8d6d05bf70ff75876,18
1041,0xe0bceef36f3a6efdd5eebfacd591423f8549b9d5,18
1042,0x86775d0b80b3df266af5377db34ba8f318d715ec,18
1043,0x1346fdb62241e238be9f84a2fc364c0657757015,18
1044,0x513c7e3a9c69ca3e22550ef58ac1c0088e918fff,18
1045,0xadbe0eac80f955363f4ff47b0f70189093908c04,18
1046,0x81382e9693de2afc33f69b70a6c12ca9b3a73f47,18
1047,0xe62ec2e799305e0d367b0cc3ee2cda135bf89816,18
1048,0x8619d80fb0141ba7f184cbf22fd724116d9f7ffc,18
1049,0xe2aa7db6da1dae97c5f5c6914d285fbfcc32a128,8
1050,0x46a5d492788f8afdfc743ab7d7bd13f996249ed5,18
1051,0xb0c22d8d350c67420f06f48936654f567c73e8c8,18
1052,0xa1d88ce0d030b51342a05f9dcc10ac4214592dac,18
1053,0x2a5ac3938fc4267f4d785285d1598eae237bf0dd,18
1054,0x0359001070cf696d5993e0697335157a6f7db289,18
1055,0x9cb74c8032b007466865f060ad2c46145d45553d,18
1056,0x1df661fc4319415a2f990bd5f49d5ca70efdee1c,18
1057,0x096c5ccb33cfc5732bcd1f3195c13dbefc4c82f4,18
1058,0x6ae7dfc73e0dde2aa99ac063dcf7e8a63265108c,18
1059,0xfbeedd1a63c14677b3440b1d40668b5df9df8273,18
1060,0xa8fc7cd1ea3a65574368faddb4b1190aa3fd6560,18
1061,0xf915fdda4c882731c0456a4214548cd13a822886,18
1062,0x8d546026012bf75073d8a586f24a5d5ff75b9716,18
1063,0x2cf7252e74036d1da831d11089d326296e64a728,18
1064,0x51869836681bce74a514625c856afb697a013797,18
1065,0xa47150f5c615dcf4f2e47aad1862a0f2b54c3973,6
1066,0x7d60f21072b585351dfd5e8b17109458d97ec120,18
1067,0xbd83010eb60f12112908774998f65761cf9f6f9a,18
1068,0xe21b9bda4ecef9e4652bc5c6863f731c2151ef28,18
1069,0xa4653d9614057daa5b3ec04a7289337e56746e8c,18
1070,0x4c8c6379b7cd039c892ab179846cd30a1a52b125,18
1071,0xa353deb6fb81df3844d8bd614d33d040fdbb8188,18
1072,0x51540d15957bdc0fdb87d32616c8d658d59f77c6,18
1073,0xe3eeda11f06a656fcaee19de663e84c7e61d3cac,18
1074,0x7c4a54f5d20b4023d6746f1f765f4dfe7c39a7e6,18
1075,0xbc91347e80886453f3f8bbd6d7ac07c122d87735,18
1076,0xecc4176b90613ed78185f01bd1e42c5640c4f09d,18
1077,0x8d520c8e66091cfd6743fe37fbe3a09505616c4b,18
1078,0x81067076dcb7d3168ccf7036117b9d72051205e2,18
1079,0x62a872d9977db171d9e213a5dc2b782e72ca0033,18
1080,0xa7051c5a22d963b81d71c2ba64d46a877fbc1821,18
1081,0x839f1a22a59eaaf26c85958712ab32f80fea23d9,18
1082,0xce6bf09e5c7a3e65b84f88dcc6475c88d38ba5ef,18
1083,0x9a4eb698e5de3d3df0a68f681789072de1e50222,18
1084,0xdd2af2e723547088d3846841fbdcc6a8093313d6,18
1085,0xac3090b7042fca2cdbf233022e4a9823a032600c,18
1086,0x20d5d319c2964ecb52e1b006a4c059b7f6d6ad0a,18
1087,0x447646e84498552e62ecf097cc305eabfff09308,18
